match_id,player_id,result,session_length_min,reaction_time_ms,damage_per_hit,account_age_days,rank_mmr
MP0001_0,P0001,loss,23,151,22,684,1085
MP0001_1,P0001,win,42,242,17,684,2009
MP0001_2,P0001,win,13,202,21,684,1276
MP0001_3,P0001,loss,43,212,21,684,2130
MP0001_4,P0001,loss,22,237,29,684,2006
MP0001_5,P0001,loss,8,183,39,684,1126
MP0001_6,P0001,win,25,237,19,684,1240
MP0001_7,P0001,win,13,245,27,684,998
MP0001_8,P0001,loss,24,193,40,684,888
MP0001_9,P0001,win,15,241,27,684,961
MP0001_10,P0001,win,31,218,33,684,1193
MP0001_11,P0001,win,22,238,39,684,1392
MP0002_0,P0002,win,25,289,29,111,2101
MP0002_1,P0002,win,31,285,26,111,1229
MP0002_2,P0002,win,12,264,34,111,2100
MP0002_3,P0002,loss,23,200,20,111,1746
MP0002_4,P0002,win,43,227,22,111,1464
MP0002_5,P0002,loss,11,286,22,111,865
MP0002_6,P0002,win,25,282,17,111,1232
MP0002_7,P0002,loss,28,295,21,111,2142
MP0002_8,P0002,win,37,242,19,111,1342
MP0002_9,P0002,win,43,196,32,111,1338
MP0002_10,P0002,loss,45,274,27,111,1541
MP0002_11,P0002,loss,16,207,31,111,1810
MP0003_0,P0003,win,18,242,40,123,2193
MP0003_1,P0003,loss,32,186,27,123,2020
MP0003_2,P0003,loss,43,191,15,123,2193
MP0003_3,P0003,win,42,224,39,123,1346
MP0003_4,P0003,loss,15,230,24,123,1690
MP0003_5,P0003,win,24,152,31,123,1165
MP0003_6,P0003,loss,27,196,35,123,1839
MP0003_7,P0003,win,31,209,39,123,1130
MP0003_8,P0003,loss,41,201,15,123,2026
MP0003_9,P0003,win,15,173,26,123,1429
MP0003_10,P0003,win,44,162,17,123,975
MP0003_11,P0003,win,12,225,39,123,1890
MP0004_0,P0004,loss,43,168,20,814,1342
MP0004_1,P0004,loss,35,219,21,814,1904
MP0004_2,P0004,loss,20,248,37,814,1438
MP0004_3,P0004,loss,31,203,29,814,1859
MP0004_4,P0004,win,22,209,17,814,1492
MP0004_5,P0004,loss,22,154,33,814,1251
MP0004_6,P0004,win,11,152,22,814,938
MP0004_7,P0004,win,29,267,17,814,1852
MP0004_8,P0004,win,39,182,21,814,1904
MP0004_9,P0004,loss,44,168,33,814,1768
MP0004_10,P0004,loss,34,183,21,814,993
MP0004_11,P0004,loss,30,164,28,814,1641
MP0005_0,P0005,loss,14,219,16,508,1624
MP0005_1,P0005,win,14,226,22,508,1192
MP0005_2,P0005,loss,16,157,28,508,1175
MP0005_3,P0005,win,12,168,29,508,1927
MP0005_4,P0005,win,42,145,15,508,991
MP0005_5,P0005,loss,23,251,20,508,1632
MP0005_6,P0005,win,33,195,16,508,1137
MP0005_7,P0005,win,32,181,23,508,1731
MP0005_8,P0005,win,43,169,36,508,1796
MP0005_9,P0005,win,21,152,16,508,1986
MP0005_10,P0005,loss,28,227,16,508,902
MP0005_11,P0005,win,41,207,20,508,916
MP0006_0,P0006,win,12,248,36,550,1281
MP0006_1,P0006,win,44,191,22,550,1985
MP0006_2,P0006,win,13,216,28,550,2146
MP0006_3,P0006,loss,28,214,23,550,1218
MP0006_4,P0006,loss,23,225,23,550,1610
MP0006_5,P0006,loss,27,156,29,550,1447
MP0006_6,P0006,loss,12,258,15,550,1738
MP0006_7,P0006,loss,14,219,17,550,1901
MP0006_8,P0006,loss,16,167,26,550,940
MP0006_9,P0006,win,26,252,20,550,1697
MP0006_10,P0006,loss,27,246,34,550,2139
MP0006_11,P0006,win,43,207,24,550,2158
MP0007_0,P0007,win,14,187,38,136,1933
MP0007_1,P0007,win,21,173,37,136,1502
MP0007_2,P0007,loss,24,180,31,136,1800
MP0007_3,P0007,loss,11,186,17,136,2099
MP0007_4,P0007,loss,10,208,15,136,1483
MP0007_5,P0007,win,24,252,20,136,1704
MP0007_6,P0007,loss,43,224,15,136,1029
MP0007_7,P0007,loss,17,163,32,136,873
MP0007_8,P0007,win,43,260,19,136,1680
MP0007_9,P0007,win,31,170,40,136,881
MP0007_10,P0007,win,23,269,36,136,1010
MP0007_11,P0007,loss,34,199,34,136,1116
MP0008_0,P0008,loss,34,263,15,272,1167
MP0008_1,P0008,loss,34,255,40,272,2171
MP0008_2,P0008,loss,23,271,23,272,1126
MP0008_3,P0008,loss,32,261,16,272,1763
MP0008_4,P0008,win,37,189,26,272,1425
MP0008_5,P0008,loss,22,266,22,272,848
MP0008_6,P0008,win,29,245,23,272,942
MP0008_7,P0008,win,40,259,27,272,2191
MP0008_8,P0008,loss,9,268,18,272,1334
MP0008_9,P0008,loss,24,183,16,272,1022
MP0008_10,P0008,win,28,237,28,272,2041
MP0008_11,P0008,win,44,226,21,272,1321
MP0009_0,P0009,loss,42,231,36,75,2173
MP0009_1,P0009,win,12,256,36,75,1476
MP0009_2,P0009,win,15,310,38,75,1415
MP0009_3,P0009,win,34,295,25,75,1624
MP0009_4,P0009,win,16,320,21,75,1661
MP0009_5,P0009,loss,19,316,34,75,1965
MP0009_6,P0009,win,8,269,24,75,1387
MP0009_7,P0009,win,45,257,34,75,2140
MP0009_8,P0009,win,36,272,36,75,1237
MP0009_9,P0009,win,18,296,36,75,973
MP0009_10,P0009,loss,29,267,17,75,1281
MP0009_11,P0009,win,20,317,19,75,850
MP0010_0,P0010,loss,12,242,29,77,1648
MP0010_1,P0010,loss,20,295,37,77,1586
MP0010_2,P0010,win,17,245,35,77,811
MP0010_3,P0010,loss,14,296,39,77,1670
MP0010_4,P0010,win,41,210,29,77,902
MP0010_5,P0010,win,15,253,29,77,1073
MP0010_6,P0010,win,41,284,32,77,2019
MP0010_7,P0010,loss,36,222,34,77,1833
MP0010_8,P0010,loss,43,236,29,77,1125
MP0010_9,P0010,loss,36,277,23,77,1306
MP0010_10,P0010,loss,41,289,30,77,2083
MP0010_11,P0010,win,12,212,37,77,1385
MP0011_0,P0011,win,42,231,17,270,1083
MP0011_1,P0011,win,17,208,37,270,1238
MP0011_2,P0011,win,29,197,32,270,1754
MP0011_3,P0011,win,34,242,27,270,1996
MP0011_4,P0011,win,44,278,27,270,1776
MP0011_5,P0011,loss,27,189,39,270,1598
MP0011_6,P0011,loss,34,298,32,270,1918
MP0011_7,P0011,loss,22,291,30,270,1249
MP0011_8,P0011,win,9,223,27,270,1488
MP0011_9,P0011,loss,33,274,38,270,1138
MP0011_10,P0011,win,16,296,34,270,1893
MP0011_11,P0011,loss,45,192,33,270,2157
MP0012_0,P0012,win,37,223,20,57,902
MP0012_1,P0012,win,21,174,29,57,1469
MP0012_2,P0012,loss,32,184,23,57,1663
MP0012_3,P0012,loss,38,173,15,57,1904
MP0012_4,P0012,loss,30,147,22,57,2131
MP0012_5,P0012,loss,10,149,39,57,863
MP0012_6,P0012,win,9,172,34,57,1112
MP0012_7,P0012,win,15,171,33,57,1246
MP0012_8,P0012,loss,31,200,20,57,2040
MP0012_9,P0012,loss,15,218,39,57,1135
MP0012_10,P0012,win,9,180,24,57,1979
MP0012_11,P0012,loss,32,227,27,57,1206
MP0013_0,P0013,loss,27,195,36,107,2029
MP0013_1,P0013,win,44,285,40,107,884
MP0013_2,P0013,loss,31,226,17,107,1836
MP0013_3,P0013,win,34,264,30,107,1016
MP0013_4,P0013,loss,37,237,37,107,1113
MP0013_5,P0013,win,41,237,35,107,1353
MP0013_6,P0013,loss,42,260,39,107,1790
MP0013_7,P0013,win,45,241,23,107,1460
MP0013_8,P0013,win,13,291,23,107,1723
MP0013_9,P0013,loss,44,213,34,107,2168
MP0013_10,P0013,win,39,230,25,107,1172
MP0013_11,P0013,win,24,244,25,107,1372
MP0014_0,P0014,win,20,261,17,640,1294
MP0014_1,P0014,win,43,282,39,640,1292
MP0014_2,P0014,win,39,278,29,640,835
MP0014_3,P0014,win,33,201,37,640,1298
MP0014_4,P0014,loss,31,229,30,640,1933
MP0014_5,P0014,win,43,257,25,640,1520
MP0014_6,P0014,win,27,279,23,640,1272
MP0014_7,P0014,loss,28,205,18,640,1897
MP0014_8,P0014,loss,20,287,21,640,1791
MP0014_9,P0014,loss,41,225,34,640,1379
MP0014_10,P0014,loss,26,202,22,640,1539
MP0014_11,P0014,win,42,212,19,640,1361
MP0015_0,P0015,win,16,203,35,76,1805
MP0015_1,P0015,loss,44,146,24,76,1761
MP0015_2,P0015,win,19,194,16,76,1317
MP0015_3,P0015,loss,15,253,17,76,1620
MP0015_4,P0015,win,11,195,19,76,1105
MP0015_5,P0015,loss,27,236,17,76,1308
MP0015_6,P0015,loss,34,148,34,76,2020
MP0015_7,P0015,loss,41,234,27,76,1722
MP0015_8,P0015,win,45,249,28,76,1425
MP0015_9,P0015,loss,14,205,39,76,1225
MP0015_10,P0015,win,13,213,20,76,1291
MP0015_11,P0015,loss,18,155,15,76,1636
MP0016_0,P0016,win,26,277,37,491,1379
MP0016_1,P0016,loss,12,329,36,491,1278
MP0016_2,P0016,win,45,358,36,491,1205
MP0016_3,P0016,win,22,294,35,491,1105
MP0016_4,P0016,win,17,356,17,491,922
MP0016_5,P0016,loss,44,261,24,491,1699
MP0016_6,P0016,win,27,255,37,491,1624
MP0016_7,P0016,win,42,360,30,491,1696
MP0016_8,P0016,loss,35,250,38,491,1460
MP0016_9,P0016,win,13,317,22,491,2180
MP0016_10,P0016,loss,45,347,15,491,2176
MP0016_11,P0016,win,10,345,39,491,1158
MP0017_0,P0017,win,25,335,20,511,1998
MP0017_1,P0017,loss,39,307,17,511,1762
MP0017_2,P0017,win,28,296,36,511,1014
MP0017_3,P0017,win,34,361,37,511,1814
MP0017_4,P0017,loss,33,288,39,511,1926
MP0017_5,P0017,win,28,256,23,511,1462
MP0017_6,P0017,loss,33,266,31,511,802
MP0017_7,P0017,loss,37,336,28,511,911
MP0017_8,P0017,loss,39,276,35,511,1705
MP0017_9,P0017,win,25,349,32,511,1068
MP0017_10,P0017,win,39,370,18,511,859
MP0017_11,P0017,loss,23,332,37,511,1124
MP0018_0,P0018,win,22,193,18,348,1745
MP0018_1,P0018,loss,17,138,30,348,1397
MP0018_2,P0018,loss,34,188,30,348,1767
MP0018_3,P0018,win,17,154,27,348,1190
MP0018_4,P0018,loss,16,240,17,348,1365
MP0018_5,P0018,loss,34,221,25,348,1839
MP0018_6,P0018,loss,26,157,38,348,1411
MP0018_7,P0018,loss,39,230,19,348,1714
MP0018_8,P0018,win,29,191,32,348,1912
MP0018_9,P0018,win,28,171,21,348,1289
MP0018_10,P0018,win,34,196,16,348,1451
MP0018_11,P0018,win,32,218,27,348,2159
MP0019_0,P0019,loss,16,221,31,841,2008
MP0019_1,P0019,loss,36,200,18,841,1877
MP0019_2,P0019,win,17,274,28,841,2140
MP0019_3,P0019,win,24,177,25,841,2076
MP0019_4,P0019,win,13,246,25,841,2181
MP0019_5,P0019,loss,28,267,35,841,1799
MP0019_6,P0019,loss,12,269,22,841,2092
MP0019_7,P0019,loss,22,245,38,841,985
MP0019_8,P0019,loss,14,213,29,841,1140
MP0019_9,P0019,win,9,246,16,841,1464
MP0019_10,P0019,win,30,259,26,841,1682
MP0019_11,P0019,win,34,176,33,841,2196
MP0020_0,P0020,win,32,187,34,841,2199
MP0020_1,P0020,win,45,196,19,841,1275
MP0020_2,P0020,loss,37,225,23,841,2165
MP0020_3,P0020,loss,37,167,24,841,2187
MP0020_4,P0020,win,36,235,26,841,2003
MP0020_5,P0020,loss,35,204,37,841,1312
MP0020_6,P0020,loss,20,224,27,841,1789
MP0020_7,P0020,win,44,179,26,841,1977
MP0020_8,P0020,loss,26,203,15,841,2148
MP0020_9,P0020,win,44,216,36,841,900
MP0020_10,P0020,loss,39,282,24,841,1271
MP0020_11,P0020,loss,22,243,35,841,1189
MP0021_0,P0021,loss,16,270,35,665,998
MP0021_1,P0021,loss,10,299,24,665,1702
MP0021_2,P0021,loss,16,188,17,665,1404
MP0021_3,P0021,loss,19,225,21,665,1070
MP0021_4,P0021,loss,31,284,31,665,1827
MP0021_5,P0021,win,18,300,23,665,1786
MP0021_6,P0021,win,29,287,40,665,1035
MP0021_7,P0021,loss,17,243,39,665,1262
MP0021_8,P0021,loss,33,294,40,665,1941
MP0021_9,P0021,win,33,230,15,665,1341
MP0021_10,P0021,win,31,252,36,665,2176
MP0021_11,P0021,loss,31,217,18,665,2182
MP0022_0,P0022,loss,43,243,25,269,2049
MP0022_1,P0022,loss,37,268,37,269,1418
MP0022_2,P0022,win,16,323,16,269,876
MP0022_3,P0022,loss,15,278,18,269,1280
MP0022_4,P0022,loss,32,353,29,269,1559
MP0022_5,P0022,loss,42,325,28,269,2002
MP0022_6,P0022,loss,34,335,35,269,1002
MP0022_7,P0022,win,34,346,23,269,867
MP0022_8,P0022,win,36,328,29,269,1283
MP0022_9,P0022,win,31,349,32,269,2120
MP0022_10,P0022,win,25,285,21,269,1050
MP0022_11,P0022,loss,13,348,36,269,1234
MP0023_0,P0023,loss,23,131,19,687,1956
MP0023_1,P0023,win,43,151,21,687,2000
MP0023_2,P0023,loss,22,152,25,687,1102
MP0023_3,P0023,loss,8,225,23,687,1096
MP0023_4,P0023,loss,19,141,18,687,2153
MP0023_5,P0023,win,8,235,26,687,1287
MP0023_6,P0023,win,19,200,23,687,907
MP0023_7,P0023,loss,41,141,18,687,930
MP0023_8,P0023,win,31,185,31,687,2015
MP0023_9,P0023,win,22,138,34,687,888
MP0023_10,P0023,loss,41,218,24,687,1738
MP0023_11,P0023,loss,11,207,30,687,1622
MP0024_0,P0024,loss,36,209,17,466,965
MP0024_1,P0024,loss,12,188,19,466,1363
MP0024_2,P0024,loss,43,226,37,466,1465
MP0024_3,P0024,loss,41,195,24,466,1729
MP0024_4,P0024,loss,14,211,40,466,1034
MP0024_5,P0024,loss,43,256,38,466,1240
MP0024_6,P0024,win,22,202,28,466,1494
MP0024_7,P0024,win,34,252,38,466,994
MP0024_8,P0024,win,24,187,26,466,1112
MP0024_9,P0024,loss,12,234,17,466,974
MP0024_10,P0024,win,31,158,40,466,1066
MP0024_11,P0024,win,43,218,32,466,1475
MP0025_0,P0025,win,35,203,38,716,905
MP0025_1,P0025,loss,30,187,18,716,1983
MP0025_2,P0025,win,38,215,22,716,1021
MP0025_3,P0025,loss,31,195,18,716,1370
MP0025_4,P0025,win,35,224,32,716,2073
MP0025_5,P0025,loss,43,229,15,716,2047
MP0025_6,P0025,loss,25,269,15,716,1169
MP0025_7,P0025,loss,27,185,25,716,1518
MP0025_8,P0025,win,17,151,33,716,2146
MP0025_9,P0025,win,9,202,17,716,1886
MP0025_10,P0025,win,37,178,25,716,1122
MP0025_11,P0025,win,28,198,39,716,1962
MP0026_0,P0026,win,18,254,39,640,2065
MP0026_1,P0026,loss,25,147,29,640,2155
MP0026_2,P0026,win,36,195,28,640,1359
MP0026_3,P0026,loss,15,168,26,640,1680
MP0026_4,P0026,win,45,155,30,640,1879
MP0026_5,P0026,win,22,226,27,640,2027
MP0026_6,P0026,win,27,148,21,640,1081
MP0026_7,P0026,win,28,238,18,640,815
MP0026_8,P0026,loss,19,204,19,640,1578
MP0026_9,P0026,loss,40,209,32,640,2168
MP0026_10,P0026,win,33,244,38,640,886
MP0026_11,P0026,win,12,196,25,640,1979
MP0027_0,P0027,loss,26,313,18,469,1629
MP0027_1,P0027,loss,18,225,40,469,2065
MP0027_2,P0027,loss,31,281,17,469,1694
MP0027_3,P0027,win,35,331,33,469,1620
MP0027_4,P0027,win,27,290,38,469,1495
MP0027_5,P0027,win,18,251,17,469,1845
MP0027_6,P0027,win,40,304,21,469,1515
MP0027_7,P0027,loss,17,267,22,469,1010
MP0027_8,P0027,win,19,241,34,469,1113
MP0027_9,P0027,loss,12,320,20,469,2086
MP0027_10,P0027,win,44,286,39,469,1986
MP0027_11,P0027,loss,44,280,35,469,2101
MP0028_0,P0028,loss,28,312,19,669,1700
MP0028_1,P0028,win,27,210,40,669,1362
MP0028_2,P0028,win,40,277,17,669,1435
MP0028_3,P0028,win,11,261,26,669,1387
MP0028_4,P0028,loss,13,211,34,669,2016
MP0028_5,P0028,win,45,266,32,669,884
MP0028_6,P0028,loss,44,259,35,669,1185
MP0028_7,P0028,loss,40,243,19,669,926
MP0028_8,P0028,win,29,259,37,669,972
MP0028_9,P0028,loss,10,266,22,669,1696
MP0028_10,P0028,loss,18,258,26,669,1563
MP0028_11,P0028,win,34,319,39,669,1492
MP0029_0,P0029,loss,29,234,17,725,1475
MP0029_1,P0029,loss,32,145,24,725,1316
MP0029_2,P0029,loss,17,225,25,725,966
MP0029_3,P0029,loss,30,207,24,725,2143
MP0029_4,P0029,loss,16,222,34,725,973
MP0029_5,P0029,loss,29,172,19,725,2172
MP0029_6,P0029,loss,41,222,17,725,2123
MP0029_7,P0029,win,31,218,15,725,1542
MP0029_8,P0029,win,21,172,25,725,1795
MP0029_9,P0029,win,16,157,19,725,958
MP0029_10,P0029,loss,14,170,31,725,1905
MP0029_11,P0029,loss,41,239,16,725,2155
MP0030_0,P0030,win,18,229,20,374,2079
MP0030_1,P0030,loss,36,256,16,374,1641
MP0030_2,P0030,loss,23,199,29,374,2050
MP0030_3,P0030,loss,36,189,22,374,1893
MP0030_4,P0030,win,38,183,21,374,1553
MP0030_5,P0030,loss,36,239,29,374,1377
MP0030_6,P0030,win,41,252,28,374,1131
MP0030_7,P0030,win,16,257,23,374,906
MP0030_8,P0030,win,31,235,32,374,1010
MP0030_9,P0030,loss,15,244,24,374,971
MP0030_10,P0030,win,36,250,31,374,1101
MP0030_11,P0030,win,22,259,29,374,1515
MP0031_0,P0031,win,31,232,22,57,1590
MP0031_1,P0031,win,9,236,25,57,1002
MP0031_2,P0031,loss,29,333,40,57,1099
MP0031_3,P0031,win,38,243,37,57,1084
MP0031_4,P0031,loss,36,323,34,57,810
MP0031_5,P0031,win,24,341,21,57,1106
MP0031_6,P0031,loss,41,296,28,57,1027
MP0031_7,P0031,win,27,325,18,57,897
MP0031_8,P0031,win,37,256,17,57,1027
MP0031_9,P0031,loss,42,333,15,57,2094
MP0031_10,P0031,loss,17,291,24,57,1679
MP0031_11,P0031,loss,23,226,33,57,1653
MP0032_0,P0032,loss,12,208,31,221,1914
MP0032_1,P0032,loss,40,205,32,221,841
MP0032_2,P0032,loss,10,190,35,221,1592
MP0032_3,P0032,win,9,188,26,221,938
MP0032_4,P0032,win,14,185,39,221,1991
MP0032_5,P0032,loss,16,235,16,221,1521
MP0032_6,P0032,win,19,210,39,221,1751
MP0032_7,P0032,win,19,230,40,221,1076
MP0032_8,P0032,loss,37,149,16,221,1400
MP0032_9,P0032,win,20,166,16,221,1446
MP0032_10,P0032,win,33,260,32,221,1769
MP0032_11,P0032,win,20,173,24,221,1531
MP0033_0,P0033,loss,25,242,18,829,1553
MP0033_1,P0033,loss,36,187,27,829,1494
MP0033_2,P0033,win,39,155,26,829,1863
MP0033_3,P0033,loss,35,166,17,829,1681
MP0033_4,P0033,loss,19,209,32,829,1401
MP0033_5,P0033,win,28,173,36,829,1405
MP0033_6,P0033,win,35,171,20,829,1709
MP0033_7,P0033,win,30,176,34,829,1690
MP0033_8,P0033,loss,11,167,17,829,2174
MP0033_9,P0033,win,40,213,40,829,2191
MP0033_10,P0033,loss,17,152,34,829,2188
MP0033_11,P0033,win,16,232,17,829,1283
MP0034_0,P0034,win,44,259,16,827,2039
MP0034_1,P0034,loss,31,232,26,827,1709
MP0034_2,P0034,win,16,310,31,827,1551
MP0034_3,P0034,win,25,263,22,827,1032
MP0034_4,P0034,loss,39,216,31,827,1592
MP0034_5,P0034,loss,24,329,39,827,1333
MP0034_6,P0034,win,26,303,37,827,1805
MP0034_7,P0034,win,12,238,29,827,1153
MP0034_8,P0034,loss,13,328,40,827,2196
MP0034_9,P0034,loss,30,321,37,827,932
MP0034_10,P0034,loss,27,283,20,827,2106
MP0034_11,P0034,loss,40,235,22,827,1048
MP0035_0,P0035,loss,9,185,26,235,1934
MP0035_1,P0035,win,43,228,19,235,2053
MP0035_2,P0035,win,27,268,27,235,1780
MP0035_3,P0035,win,34,222,33,235,951
MP0035_4,P0035,loss,12,171,29,235,1754
MP0035_5,P0035,loss,16,242,39,235,1929
MP0035_6,P0035,loss,16,236,28,235,1829
MP0035_7,P0035,loss,15,271,31,235,1113
MP0035_8,P0035,win,28,193,37,235,1261
MP0035_9,P0035,loss,41,199,24,235,961
MP0035_10,P0035,win,43,187,23,235,1056
MP0035_11,P0035,win,42,235,17,235,1829
MP0036_0,P0036,loss,17,238,20,686,2149
MP0036_1,P0036,loss,29,242,33,686,884
MP0036_2,P0036,loss,13,268,16,686,2113
MP0036_3,P0036,loss,21,261,39,686,1971
MP0036_4,P0036,loss,9,216,30,686,2084
MP0036_5,P0036,win,27,232,30,686,1301
MP0036_6,P0036,loss,33,266,24,686,1728
MP0036_7,P0036,loss,18,172,29,686,1651
MP0036_8,P0036,win,29,224,34,686,1094
MP0036_9,P0036,loss,28,203,38,686,1507
MP0036_10,P0036,win,31,214,31,686,1950
MP0036_11,P0036,win,37,176,18,686,1347
MP0037_0,P0037,win,26,201,27,490,2060
MP0037_1,P0037,win,18,236,25,490,1983
MP0037_2,P0037,win,18,275,30,490,1854
MP0037_3,P0037,win,27,242,30,490,847
MP0037_4,P0037,loss,40,194,29,490,1293
MP0037_5,P0037,loss,11,210,16,490,1376
MP0037_6,P0037,loss,38,246,24,490,1899
MP0037_7,P0037,loss,35,184,19,490,1341
MP0037_8,P0037,win,33,276,26,490,892
MP0037_9,P0037,win,43,234,21,490,1542
MP0037_10,P0037,win,32,253,31,490,1722
MP0037_11,P0037,loss,15,280,19,490,998
MP0038_0,P0038,loss,43,316,26,433,1095
MP0038_1,P0038,loss,33,240,31,433,882
MP0038_2,P0038,win,29,220,40,433,1770
MP0038_3,P0038,win,40,281,19,433,1471
MP0038_4,P0038,loss,18,334,27,433,2062
MP0038_5,P0038,loss,45,309,25,433,1838
MP0038_6,P0038,loss,39,321,37,433,1952
MP0038_7,P0038,win,9,253,26,433,1478
MP0038_8,P0038,win,34,301,33,433,1430
MP0038_9,P0038,loss,9,316,34,433,1771
MP0038_10,P0038,loss,45,248,33,433,1266
MP0038_11,P0038,win,38,307,20,433,1873
MP0039_0,P0039,loss,23,235,16,674,1972
MP0039_1,P0039,win,9,306,29,674,1442
MP0039_2,P0039,win,21,270,28,674,1827
MP0039_3,P0039,loss,38,316,38,674,927
MP0039_4,P0039,win,21,307,32,674,1465
MP0039_5,P0039,win,32,301,25,674,1154
MP0039_6,P0039,loss,29,275,32,674,1525
MP0039_7,P0039,loss,24,303,34,674,1791
MP0039_8,P0039,loss,25,241,32,674,1411
MP0039_9,P0039,loss,27,245,39,674,1391
MP0039_10,P0039,win,39,307,25,674,1782
MP0039_11,P0039,loss,25,261,24,674,1049
MP0040_0,P0040,loss,33,307,26,617,1099
MP0040_1,P0040,win,13,296,26,617,1705
MP0040_2,P0040,win,38,342,21,617,1213
MP0040_3,P0040,loss,43,364,37,617,1356
MP0040_4,P0040,win,45,276,22,617,1296
MP0040_5,P0040,loss,41,265,22,617,2106
MP0040_6,P0040,win,34,288,25,617,1767
MP0040_7,P0040,loss,16,271,15,617,1927
MP0040_8,P0040,win,38,377,30,617,2132
MP0040_9,P0040,loss,26,284,25,617,1384
MP0040_10,P0040,win,13,341,35,617,1975
MP0040_11,P0040,loss,10,288,20,617,1655
MP0041_0,P0041,loss,33,284,40,887,1814
MP0041_1,P0041,loss,26,188,16,887,818
MP0041_2,P0041,loss,14,203,25,887,1382
MP0041_3,P0041,loss,42,223,31,887,1811
MP0041_4,P0041,loss,40,278,29,887,1358
MP0041_5,P0041,loss,29,189,20,887,1739
MP0041_6,P0041,win,19,247,15,887,1490
MP0041_7,P0041,win,20,266,20,887,2051
MP0041_8,P0041,loss,33,274,28,887,1855
MP0041_9,P0041,win,14,206,20,887,1087
MP0041_10,P0041,win,23,226,15,887,1334
MP0041_11,P0041,win,25,214,25,887,1418
MP0042_0,P0042,loss,23,155,16,626,2167
MP0042_1,P0042,win,18,137,27,626,1829
MP0042_2,P0042,loss,27,240,37,626,1040
MP0042_3,P0042,loss,26,203,26,626,2058
MP0042_4,P0042,win,16,150,30,626,1113
MP0042_5,P0042,loss,31,180,28,626,1924
MP0042_6,P0042,win,42,238,40,626,2160
MP0042_7,P0042,win,23,227,36,626,2020
MP0042_8,P0042,loss,41,233,29,626,1881
MP0042_9,P0042,win,44,212,18,626,926
MP0042_10,P0042,loss,40,228,21,626,1972
MP0042_11,P0042,win,28,190,31,626,1704
MP0043_0,P0043,loss,13,263,31,149,1712
MP0043_1,P0043,win,16,275,31,149,1650
MP0043_2,P0043,loss,43,230,29,149,2177
MP0043_3,P0043,win,9,275,27,149,1321
MP0043_4,P0043,win,21,276,33,149,949
MP0043_5,P0043,win,12,177,32,149,923
MP0043_6,P0043,loss,38,291,16,149,1387
MP0043_7,P0043,win,16,224,39,149,2113
MP0043_8,P0043,loss,34,265,26,149,1583
MP0043_9,P0043,loss,32,229,27,149,964
MP0043_10,P0043,loss,42,259,19,149,2138
MP0043_11,P0043,win,19,282,32,149,1604
MP0044_0,P0044,loss,8,245,39,571,846
MP0044_1,P0044,win,42,190,28,571,1889
MP0044_2,P0044,loss,23,200,29,571,1508
MP0044_3,P0044,win,15,171,16,571,2152
MP0044_4,P0044,loss,9,205,22,571,1222
MP0044_5,P0044,win,10,160,29,571,2024
MP0044_6,P0044,loss,11,238,22,571,890
MP0044_7,P0044,win,42,203,21,571,915
MP0044_8,P0044,loss,26,169,22,571,1979
MP0044_9,P0044,loss,28,192,22,571,1418
MP0044_10,P0044,win,41,264,22,571,1646
MP0044_11,P0044,win,43,190,33,571,1158
MP0045_0,P0045,win,30,300,35,671,2174
MP0045_1,P0045,loss,28,277,37,671,1652
MP0045_2,P0045,win,32,281,20,671,1901
MP0045_3,P0045,win,22,289,24,671,1095
MP0045_4,P0045,win,11,332,32,671,1645
MP0045_5,P0045,loss,16,282,27,671,1297
MP0045_6,P0045,win,13,261,29,671,1559
MP0045_7,P0045,loss,20,240,16,671,1349
MP0045_8,P0045,loss,10,277,17,671,1185
MP0045_9,P0045,loss,43,331,21,671,1781
MP0045_10,P0045,loss,29,255,24,671,831
MP0045_11,P0045,loss,15,256,38,671,1780
MP0046_0,P0046,loss,43,222,25,278,1379
MP0046_1,P0046,win,30,220,24,278,1335
MP0046_2,P0046,loss,39,218,29,278,1001
MP0046_3,P0046,loss,38,274,39,278,1455
MP0046_4,P0046,win,28,289,28,278,893
MP0046_5,P0046,loss,17,244,15,278,1334
MP0046_6,P0046,loss,45,242,38,278,1655
MP0046_7,P0046,win,29,209,22,278,1577
MP0046_8,P0046,loss,39,244,32,278,2140
MP0046_9,P0046,loss,24,292,39,278,1800
MP0046_10,P0046,loss,39,264,29,278,1144
MP0046_11,P0046,loss,18,265,19,278,1919
MP0047_0,P0047,loss,11,284,31,530,869
MP0047_1,P0047,loss,11,274,39,530,813
MP0047_2,P0047,win,22,219,17,530,1109
MP0047_3,P0047,win,37,168,26,530,923
MP0047_4,P0047,loss,38,246,36,530,1799
MP0047_5,P0047,win,43,169,28,530,824
MP0047_6,P0047,loss,25,169,32,530,1387
MP0047_7,P0047,loss,35,169,40,530,1167
MP0047_8,P0047,loss,41,180,19,530,1293
MP0047_9,P0047,loss,24,191,26,530,1347
MP0047_10,P0047,win,31,268,27,530,1740
MP0047_11,P0047,win,22,239,24,530,2200
MP0048_0,P0048,loss,10,223,17,877,1630
MP0048_1,P0048,win,38,188,16,877,2104
MP0048_2,P0048,loss,13,141,30,877,1688
MP0048_3,P0048,loss,44,222,18,877,1881
MP0048_4,P0048,win,21,257,37,877,1960
MP0048_5,P0048,win,12,200,36,877,1374
MP0048_6,P0048,loss,10,255,20,877,1444
MP0048_7,P0048,loss,45,142,19,877,1615
MP0048_8,P0048,win,18,258,33,877,1292
MP0048_9,P0048,loss,32,212,36,877,1907
MP0048_10,P0048,win,16,182,40,877,960
MP0048_11,P0048,loss,30,204,16,877,1000
MP0049_0,P0049,win,33,286,39,477,1468
MP0049_1,P0049,loss,36,182,30,477,1267
MP0049_2,P0049,loss,32,224,28,477,1180
MP0049_3,P0049,loss,32,266,17,477,2066
MP0049_4,P0049,loss,12,216,17,477,1348
MP0049_5,P0049,win,17,198,38,477,1597
MP0049_6,P0049,win,13,219,15,477,1431
MP0049_7,P0049,win,25,235,18,477,1071
MP0049_8,P0049,win,36,190,32,477,1936
MP0049_9,P0049,win,9,244,17,477,1524
MP0049_10,P0049,win,28,249,27,477,825
MP0049_11,P0049,win,13,216,38,477,1945
MP0050_0,P0050,loss,18,274,19,278,1350
MP0050_1,P0050,win,17,291,17,278,1142
MP0050_2,P0050,win,27,308,30,278,957
MP0050_3,P0050,win,23,299,38,278,2080
MP0050_4,P0050,loss,20,316,29,278,1019
MP0050_5,P0050,win,33,270,25,278,2070
MP0050_6,P0050,loss,29,301,29,278,1485
MP0050_7,P0050,loss,16,308,24,278,1456
MP0050_8,P0050,loss,20,330,30,278,1443
MP0050_9,P0050,loss,28,275,24,278,2096
MP0050_10,P0050,loss,23,315,25,278,1570
MP0050_11,P0050,loss,33,288,26,278,1033
MP0051_0,P0051,loss,19,246,36,607,1926
MP0051_1,P0051,loss,37,174,37,607,1229
MP0051_2,P0051,loss,12,227,40,607,1637
MP0051_3,P0051,win,27,257,22,607,1317
MP0051_4,P0051,win,35,255,40,607,1572
MP0051_5,P0051,win,38,180,33,607,1620
MP0051_6,P0051,loss,34,239,32,607,875
MP0051_7,P0051,loss,42,272,34,607,2106
MP0051_8,P0051,win,23,288,36,607,2161
MP0051_9,P0051,win,10,216,33,607,2121
MP0051_10,P0051,loss,29,257,40,607,1681
MP0051_11,P0051,win,24,184,22,607,1845
MP0052_0,P0052,loss,44,323,22,794,1712
MP0052_1,P0052,win,45,299,37,794,1824
MP0052_2,P0052,win,9,271,30,794,1014
MP0052_3,P0052,win,13,289,18,794,1090
MP0052_4,P0052,win,37,296,40,794,1223
MP0052_5,P0052,win,38,318,18,794,1697
MP0052_6,P0052,loss,28,344,17,794,1414
MP0052_7,P0052,loss,15,257,15,794,1502
MP0052_8,P0052,win,18,334,38,794,1299
MP0052_9,P0052,win,18,318,25,794,1946
MP0052_10,P0052,loss,22,306,40,794,1629
MP0052_11,P0052,win,35,332,27,794,859
MP0053_0,P0053,loss,32,227,15,785,1239
MP0053_1,P0053,win,12,196,33,785,1008
MP0053_2,P0053,loss,19,272,26,785,1467
MP0053_3,P0053,win,24,195,36,785,1802
MP0053_4,P0053,loss,28,237,34,785,1595
MP0053_5,P0053,win,15,248,26,785,1520
MP0053_6,P0053,win,19,278,36,785,1409
MP0053_7,P0053,loss,13,287,36,785,1074
MP0053_8,P0053,win,27,210,18,785,1174
MP0053_9,P0053,loss,40,217,27,785,1656
MP0053_10,P0053,win,32,246,28,785,1180
MP0053_11,P0053,loss,19,232,32,785,1141
MP0054_0,P0054,win,36,210,34,531,909
MP0054_1,P0054,win,8,303,30,531,1079
MP0054_2,P0054,loss,43,217,31,531,2137
MP0054_3,P0054,win,39,256,28,531,1709
MP0054_4,P0054,win,44,255,15,531,1251
MP0054_5,P0054,win,22,230,32,531,1391
MP0054_6,P0054,loss,44,214,38,531,1814
MP0054_7,P0054,loss,44,263,18,531,1348
MP0054_8,P0054,loss,31,292,32,531,885
MP0054_9,P0054,loss,42,290,21,531,1670
MP0054_10,P0054,loss,23,206,24,531,866
MP0054_11,P0054,win,13,250,29,531,1040
MP0055_0,P0055,loss,45,206,37,824,1518
MP0055_1,P0055,loss,35,290,20,824,2061
MP0055_2,P0055,loss,21,197,40,824,921
MP0055_3,P0055,win,25,252,34,824,1903
MP0055_4,P0055,win,26,201,24,824,1972
MP0055_5,P0055,loss,40,214,36,824,995
MP0055_6,P0055,loss,34,197,16,824,1367
MP0055_7,P0055,loss,16,290,22,824,1099
MP0055_8,P0055,win,23,271,39,824,2184
MP0055_9,P0055,win,44,230,35,824,1350
MP0055_10,P0055,win,36,260,17,824,2097
MP0055_11,P0055,loss,13,281,27,824,1855
MP0056_0,P0056,loss,31,279,29,797,1799
MP0056_1,P0056,loss,13,232,38,797,1738
MP0056_2,P0056,loss,30,272,17,797,1894
MP0056_3,P0056,win,35,241,21,797,1813
MP0056_4,P0056,win,26,225,25,797,1920
MP0056_5,P0056,win,39,264,40,797,1503
MP0056_6,P0056,loss,11,305,16,797,1003
MP0056_7,P0056,loss,37,271,15,797,1054
MP0056_8,P0056,loss,36,309,29,797,801
MP0056_9,P0056,win,16,245,35,797,1418
MP0056_10,P0056,loss,25,211,17,797,2140
MP0056_11,P0056,win,31,237,36,797,2128
MP0057_0,P0057,loss,22,183,28,199,2142
MP0057_1,P0057,loss,8,144,21,199,1776
MP0057_2,P0057,win,22,142,31,199,2192
MP0057_3,P0057,win,29,189,18,199,1664
MP0057_4,P0057,win,12,221,22,199,1584
MP0057_5,P0057,loss,14,144,18,199,1441
MP0057_6,P0057,loss,16,180,27,199,1072
MP0057_7,P0057,loss,17,215,17,199,1886
MP0057_8,P0057,win,18,205,29,199,1519
MP0057_9,P0057,win,17,225,28,199,2061
MP0057_10,P0057,win,21,220,17,199,1005
MP0057_11,P0057,loss,45,150,38,199,1586
MP0058_0,P0058,loss,23,269,23,389,2120
MP0058_1,P0058,win,26,239,39,389,854
MP0058_2,P0058,loss,27,337,21,389,1860
MP0058_3,P0058,loss,33,306,24,389,2123
MP0058_4,P0058,loss,23,235,30,389,1590
MP0058_5,P0058,win,12,243,31,389,824
MP0058_6,P0058,loss,16,275,27,389,1964
MP0058_7,P0058,win,19,282,39,389,1764
MP0058_8,P0058,win,45,327,17,389,828
MP0058_9,P0058,win,11,262,40,389,1615
MP0058_10,P0058,win,40,293,39,389,1650
MP0058_11,P0058,loss,13,283,35,389,1898
MP0059_0,P0059,win,13,194,31,580,1216
MP0059_1,P0059,win,28,262,27,580,2001
MP0059_2,P0059,loss,12,240,24,580,1695
MP0059_3,P0059,loss,23,252,16,580,1300
MP0059_4,P0059,loss,15,170,29,580,2053
MP0059_5,P0059,win,19,236,18,580,825
MP0059_6,P0059,win,8,249,20,580,1816
MP0059_7,P0059,loss,24,203,20,580,1561
MP0059_8,P0059,loss,25,175,38,580,1041
MP0059_9,P0059,loss,29,257,40,580,1679
MP0059_10,P0059,loss,24,193,37,580,1980
MP0059_11,P0059,win,37,239,31,580,1537
MP0060_0,P0060,loss,31,356,20,86,1322
MP0060_1,P0060,win,44,345,36,86,1036
MP0060_2,P0060,loss,8,276,16,86,825
MP0060_3,P0060,win,31,278,27,86,1107
MP0060_4,P0060,loss,10,269,32,86,2142
MP0060_5,P0060,win,23,300,28,86,1455
MP0060_6,P0060,loss,44,281,26,86,1044
MP0060_7,P0060,loss,11,311,20,86,1257
MP0060_8,P0060,loss,10,349,27,86,941
MP0060_9,P0060,win,26,359,39,86,1436
MP0060_10,P0060,win,37,288,15,86,1555
MP0060_11,P0060,win,27,272,38,86,2075
MP0061_0,P0061,loss,39,285,39,278,1200
MP0061_1,P0061,loss,23,331,19,278,813
MP0061_2,P0061,win,22,357,32,278,1509
MP0061_3,P0061,loss,8,319,25,278,802
MP0061_4,P0061,loss,27,335,18,278,1220
MP0061_5,P0061,loss,34,305,30,278,922
MP0061_6,P0061,loss,13,256,16,278,1274
MP0061_7,P0061,loss,34,352,37,278,1562
MP0061_8,P0061,loss,13,296,33,278,995
MP0061_9,P0061,win,33,302,17,278,2012
MP0061_10,P0061,win,16,310,22,278,1397
MP0061_11,P0061,loss,33,271,37,278,1468
MP0062_0,P0062,win,20,269,19,355,1997
MP0062_1,P0062,win,18,248,29,355,1754
MP0062_2,P0062,win,42,275,26,355,1225
MP0062_3,P0062,win,24,292,18,355,985
MP0062_4,P0062,loss,27,255,37,355,2035
MP0062_5,P0062,win,28,240,19,355,986
MP0062_6,P0062,win,30,326,27,355,1851
MP0062_7,P0062,loss,24,241,20,355,863
MP0062_8,P0062,loss,43,286,38,355,1926
MP0062_9,P0062,win,14,266,40,355,1086
MP0062_10,P0062,win,22,250,19,355,1205
MP0062_11,P0062,win,13,340,33,355,2000
MP0063_0,P0063,loss,20,141,35,295,1708
MP0063_1,P0063,win,29,242,18,295,887
MP0063_2,P0063,win,18,259,33,295,1687
MP0063_3,P0063,loss,39,244,15,295,1583
MP0063_4,P0063,win,30,226,21,295,1183
MP0063_5,P0063,win,17,174,16,295,2057
MP0063_6,P0063,loss,26,218,30,295,1643
MP0063_7,P0063,loss,11,251,17,295,1372
MP0063_8,P0063,win,20,188,35,295,1876
MP0063_9,P0063,loss,42,170,40,295,839
MP0063_10,P0063,loss,30,187,30,295,1915
MP0063_11,P0063,win,44,239,31,295,1458
MP0064_0,P0064,win,22,212,15,427,1375
MP0064_1,P0064,loss,38,196,31,427,1532
MP0064_2,P0064,loss,22,287,20,427,1005
MP0064_3,P0064,loss,25,220,32,427,914
MP0064_4,P0064,loss,22,286,33,427,1595
MP0064_5,P0064,loss,19,234,20,427,1284
MP0064_6,P0064,win,30,264,33,427,857
MP0064_7,P0064,loss,44,279,33,427,1091
MP0064_8,P0064,loss,39,261,32,427,1432
MP0064_9,P0064,win,13,211,16,427,1276
MP0064_10,P0064,win,41,266,30,427,801
MP0064_11,P0064,loss,20,231,40,427,1067
MP0065_0,P0065,loss,28,282,16,378,844
MP0065_1,P0065,loss,17,183,39,378,1027
MP0065_2,P0065,loss,31,273,17,378,1565
MP0065_3,P0065,loss,33,255,33,378,1006
MP0065_4,P0065,win,16,208,20,378,1694
MP0065_5,P0065,loss,39,266,35,378,1449
MP0065_6,P0065,loss,43,187,37,378,2056
MP0065_7,P0065,win,45,265,20,378,1574
MP0065_8,P0065,loss,26,204,19,378,1163
MP0065_9,P0065,win,44,258,27,378,1962
MP0065_10,P0065,win,28,169,40,378,2052
MP0065_11,P0065,loss,14,193,30,378,1088
MP0066_0,P0066,win,28,169,20,369,2102
MP0066_1,P0066,loss,29,252,29,369,823
MP0066_2,P0066,win,12,172,26,369,1325
MP0066_3,P0066,win,8,239,16,369,1590
MP0066_4,P0066,loss,18,195,28,369,1809
MP0066_5,P0066,win,42,251,27,369,1007
MP0066_6,P0066,win,44,245,35,369,1261
MP0066_7,P0066,win,10,159,24,369,841
MP0066_8,P0066,win,14,179,17,369,1500
MP0066_9,P0066,loss,18,160,38,369,953
MP0066_10,P0066,loss,13,209,25,369,2016
MP0066_11,P0066,loss,9,217,28,369,2138
MP0067_0,P0067,win,29,251,21,198,1189
MP0067_1,P0067,loss,42,283,23,198,2152
MP0067_2,P0067,win,14,267,16,198,1604
MP0067_3,P0067,loss,39,304,19,198,911
MP0067_4,P0067,win,13,277,24,198,2155
MP0067_5,P0067,loss,20,311,18,198,852
MP0067_6,P0067,win,26,257,17,198,1769
MP0067_7,P0067,win,33,339,30,198,1801
MP0067_8,P0067,loss,13,345,35,198,1914
MP0067_9,P0067,win,32,280,26,198,1182
MP0067_10,P0067,win,36,288,29,198,1339
MP0067_11,P0067,loss,44,259,16,198,1109
MP0068_0,P0068,loss,42,154,28,800,2007
MP0068_1,P0068,loss,32,173,31,800,1657
MP0068_2,P0068,loss,38,212,33,800,1282
MP0068_3,P0068,win,33,204,37,800,871
MP0068_4,P0068,loss,41,208,40,800,1970
MP0068_5,P0068,loss,17,230,18,800,1719
MP0068_6,P0068,loss,18,166,21,800,1194
MP0068_7,P0068,win,13,160,36,800,1691
MP0068_8,P0068,loss,17,169,34,800,1328
MP0068_9,P0068,loss,12,184,17,800,1594
MP0068_10,P0068,win,28,215,23,800,1864
MP0068_11,P0068,loss,8,202,40,800,2076
MP0069_0,P0069,win,34,353,19,631,1103
MP0069_1,P0069,loss,14,325,18,631,1952
MP0069_2,P0069,win,26,352,32,631,1504
MP0069_3,P0069,win,32,365,35,631,1794
MP0069_4,P0069,loss,10,326,20,631,1364
MP0069_5,P0069,win,33,304,16,631,1610
MP0069_6,P0069,loss,23,366,16,631,1773
MP0069_7,P0069,win,31,370,15,631,1491
MP0069_8,P0069,loss,27,357,23,631,1806
MP0069_9,P0069,loss,14,362,22,631,1075
MP0069_10,P0069,loss,36,291,39,631,1457
MP0069_11,P0069,loss,13,287,21,631,1704
MP0070_0,P0070,win,41,318,26,246,915
MP0070_1,P0070,loss,12,289,24,246,1837
MP0070_2,P0070,win,41,275,33,246,859
MP0070_3,P0070,win,20,246,16,246,1310
MP0070_4,P0070,win,31,228,37,246,1207
MP0070_5,P0070,win,37,259,31,246,1612
MP0070_6,P0070,loss,9,305,22,246,1562
MP0070_7,P0070,loss,19,286,30,246,2001
MP0070_8,P0070,win,18,294,23,246,985
MP0070_9,P0070,win,11,260,20,246,1971
MP0070_10,P0070,loss,22,323,35,246,1261
MP0070_11,P0070,win,34,310,31,246,841
MP0071_0,P0071,loss,19,182,34,829,817
MP0071_1,P0071,win,27,150,37,829,2116
MP0071_2,P0071,win,32,157,26,829,1740
MP0071_3,P0071,win,27,154,36,829,1866
MP0071_4,P0071,loss,45,227,18,829,815
MP0071_5,P0071,loss,31,187,32,829,2125
MP0071_6,P0071,loss,27,198,36,829,1021
MP0071_7,P0071,win,25,183,35,829,1465
MP0071_8,P0071,win,27,232,21,829,1107
MP0071_9,P0071,loss,11,188,40,829,2028
MP0071_10,P0071,loss,16,173,38,829,852
MP0071_11,P0071,win,26,205,23,829,1657
MP0072_0,P0072,win,44,313,21,444,1502
MP0072_1,P0072,loss,42,311,35,444,1774
MP0072_2,P0072,loss,30,335,31,444,1414
MP0072_3,P0072,win,43,327,20,444,1401
MP0072_4,P0072,win,24,231,38,444,1944
MP0072_5,P0072,loss,29,316,35,444,982
MP0072_6,P0072,win,27,247,28,444,1478
MP0072_7,P0072,win,26,266,29,444,1041
MP0072_8,P0072,win,45,279,33,444,2071
MP0072_9,P0072,win,20,228,31,444,1045
MP0072_10,P0072,loss,41,330,24,444,1646
MP0072_11,P0072,loss,17,225,19,444,1210
MP0073_0,P0073,loss,37,296,19,380,1447
MP0073_1,P0073,loss,13,334,30,380,1481
MP0073_2,P0073,loss,28,304,35,380,918
MP0073_3,P0073,win,21,224,39,380,1145
MP0073_4,P0073,loss,39,297,40,380,980
MP0073_5,P0073,loss,35,240,27,380,1678
MP0073_6,P0073,win,10,285,32,380,1208
MP0073_7,P0073,win,8,317,25,380,1887
MP0073_8,P0073,win,8,248,35,380,1309
MP0073_9,P0073,loss,30,252,24,380,1064
MP0073_10,P0073,win,45,237,24,380,1142
MP0073_11,P0073,loss,27,232,24,380,1733
MP0074_0,P0074,loss,35,329,36,775,1074
MP0074_1,P0074,loss,39,296,26,775,1185
MP0074_2,P0074,loss,33,274,15,775,1267
MP0074_3,P0074,loss,16,281,21,775,844
MP0074_4,P0074,loss,15,328,26,775,2132
MP0074_5,P0074,win,24,354,39,775,1895
MP0074_6,P0074,win,11,332,36,775,1021
MP0074_7,P0074,loss,11,336,37,775,1037
MP0074_8,P0074,win,15,306,32,775,1317
MP0074_9,P0074,loss,21,313,37,775,2090
MP0074_10,P0074,win,14,254,36,775,1865
MP0074_11,P0074,loss,16,287,28,775,1014
MP0075_0,P0075,win,14,186,30,553,1206
MP0075_1,P0075,win,24,227,31,553,1213
MP0075_2,P0075,loss,26,195,20,553,880
MP0075_3,P0075,win,21,220,37,553,1784
MP0075_4,P0075,win,8,192,36,553,982
MP0075_5,P0075,win,44,266,36,553,1811
MP0075_6,P0075,loss,40,169,17,553,1007
MP0075_7,P0075,win,22,265,29,553,1406
MP0075_8,P0075,win,14,183,20,553,880
MP0075_9,P0075,win,28,259,28,553,1037
MP0075_10,P0075,loss,10,162,15,553,1083
MP0075_11,P0075,loss,29,234,26,553,1696
MP0076_0,P0076,loss,31,300,25,666,1174
MP0076_1,P0076,win,37,202,23,666,1589
MP0076_2,P0076,loss,34,276,35,666,1141
MP0076_3,P0076,win,11,202,20,666,1012
MP0076_4,P0076,loss,38,241,40,666,1965
MP0076_5,P0076,win,32,274,39,666,1534
MP0076_6,P0076,win,16,266,30,666,1799
MP0076_7,P0076,loss,36,202,16,666,929
MP0076_8,P0076,loss,8,221,37,666,2188
MP0076_9,P0076,loss,44,255,38,666,1957
MP0076_10,P0076,loss,29,216,31,666,1871
MP0076_11,P0076,loss,14,276,28,666,2155
MP0077_0,P0077,win,32,244,19,774,1943
MP0077_1,P0077,loss,11,297,15,774,2117
MP0077_2,P0077,win,38,302,30,774,1138
MP0077_3,P0077,loss,28,192,22,774,1477
MP0077_4,P0077,win,22,218,32,774,2117
MP0077_5,P0077,win,23,231,17,774,1740
MP0077_6,P0077,loss,36,239,17,774,1820
MP0077_7,P0077,win,39,240,38,774,2138
MP0077_8,P0077,win,34,185,16,774,1941
MP0077_9,P0077,win,13,253,40,774,2037
MP0077_10,P0077,loss,40,262,32,774,1223
MP0077_11,P0077,loss,29,266,26,774,911
MP0078_0,P0078,win,43,285,39,866,2069
MP0078_1,P0078,win,31,253,37,866,1726
MP0078_2,P0078,win,22,191,15,866,1499
MP0078_3,P0078,loss,26,222,32,866,1869
MP0078_4,P0078,loss,10,224,20,866,1808
MP0078_5,P0078,loss,34,194,18,866,1320
MP0078_6,P0078,win,15,255,27,866,1241
MP0078_7,P0078,loss,20,235,37,866,1492
MP0078_8,P0078,loss,10,190,35,866,2176
MP0078_9,P0078,win,36,252,29,866,2148
MP0078_10,P0078,loss,16,252,30,866,808
MP0078_11,P0078,loss,43,244,28,866,1998
MP0079_0,P0079,loss,19,349,37,524,1984
MP0079_1,P0079,loss,16,272,18,524,1593
MP0079_2,P0079,loss,28,334,31,524,1587
MP0079_3,P0079,loss,23,303,23,524,1614
MP0079_4,P0079,loss,36,293,40,524,1073
MP0079_5,P0079,win,40,267,24,524,1921
MP0079_6,P0079,win,43,360,35,524,1245
MP0079_7,P0079,win,26,275,36,524,1507
MP0079_8,P0079,loss,19,367,31,524,1911
MP0079_9,P0079,loss,15,338,39,524,1521
MP0079_10,P0079,win,44,321,36,524,1654
MP0079_11,P0079,loss,42,336,24,524,1665
MP0080_0,P0080,win,32,189,19,857,908
MP0080_1,P0080,win,25,208,39,857,1129
MP0080_2,P0080,loss,17,159,16,857,1404
MP0080_3,P0080,loss,10,149,26,857,1726
MP0080_4,P0080,loss,43,136,22,857,2125
MP0080_5,P0080,win,40,194,40,857,1389
MP0080_6,P0080,loss,32,211,27,857,1653
MP0080_7,P0080,loss,28,223,32,857,910
MP0080_8,P0080,loss,20,124,34,857,1707
MP0080_9,P0080,win,31,229,39,857,2005
MP0080_10,P0080,loss,20,192,39,857,1196
MP0080_11,P0080,win,12,160,20,857,1155
MP9001_0,P9001,win,35,119,38,812,2369
MP9001_1,P9001,win,45,122,38,812,1805
MP9001_2,P9001,win,17,123,31,812,1957
MP9001_3,P9001,win,27,123,45,812,2386
MP9001_4,P9001,win,28,126,37,812,1988
MP9001_5,P9001,win,40,126,35,812,2225
MP9001_6,P9001,win,13,126,41,812,2026
MP9001_7,P9001,win,29,121,41,812,2100
MP9001_8,P9001,loss,41,121,45,812,2374
MP9001_9,P9001,win,30,118,44,812,2046
MP9001_10,P9001,loss,28,121,42,812,1916
MP9001_11,P9001,win,26,124,30,812,2329
MP9002_0,P9002,win,36,117,45,848,1844
MP9002_1,P9002,loss,20,113,40,848,2326
MP9002_2,P9002,loss,18,110,30,848,1867
MP9002_3,P9002,win,21,112,43,848,1906
MP9002_4,P9002,win,35,112,32,848,1957
MP9002_5,P9002,win,29,109,31,848,1889
MP9002_6,P9002,win,24,110,32,848,2388
MP9002_7,P9002,loss,34,112,42,848,2261
MP9002_8,P9002,win,9,115,42,848,1921
MP9002_9,P9002,win,12,117,31,848,1874
MP9002_10,P9002,loss,14,114,39,848,2108
MP9002_11,P9002,win,36,110,42,848,2204
MP9003_0,P9003,win,22,94,34,736,2200
MP9003_1,P9003,win,17,95,39,736,2182
MP9003_2,P9003,win,43,87,34,736,1926
MP9003_3,P9003,win,33,87,32,736,2112
MP9003_4,P9003,win,30,90,36,736,2222
MP9003_5,P9003,win,19,95,37,736,2058
MP9003_6,P9003,win,44,90,31,736,2362
MP9003_7,P9003,win,12,94,39,736,1868
MP9003_8,P9003,win,45,91,45,736,2138
MP9003_9,P9003,win,23,92,33,736,2091
MP9003_10,P9003,loss,28,88,45,736,2261
MP9003_11,P9003,win,27,92,34,736,2379
MP8001_0,P8001,loss,18,216,20,10,760
MP8001_1,P8001,win,35,207,28,10,784
MP8001_2,P8001,win,29,193,35,10,836
MP8001_3,P8001,win,27,233,35,10,882
MP8001_4,P8001,win,13,189,28,10,671
MP8001_5,P8001,win,12,244,22,10,609
MP8001_6,P8001,win,45,240,38,10,807
MP8001_7,P8001,win,10,274,37,10,733
MP8001_8,P8001,loss,42,245,35,10,934
MP8001_9,P8001,win,33,275,27,10,995
MP8001_10,P8001,win,26,251,24,10,837
MP8001_11,P8001,win,33,240,31,10,857
MP8002_0,P8002,win,40,238,24,1,828
MP8002_1,P8002,win,44,180,24,1,976
MP8002_2,P8002,win,30,253,21,1,712
MP8002_3,P8002,win,12,257,28,1,789
MP8002_4,P8002,win,21,189,36,1,784
MP8002_5,P8002,win,37,209,21,1,620
MP8002_6,P8002,win,41,243,28,1,979
MP8002_7,P8002,win,44,193,25,1,792
MP8002_8,P8002,win,45,243,22,1,864
MP8002_9,P8002,win,22,192,36,1,807
MP8002_10,P8002,loss,30,205,35,1,846
MP8002_11,P8002,win,16,237,34,1,684
MP8003_0,P8003,win,21,204,24,4,695
MP8003_1,P8003,win,15,159,27,4,812
MP8003_2,P8003,win,38,181,35,4,845
MP8003_3,P8003,win,34,165,20,4,724
MP8003_4,P8003,win,45,144,25,4,668
MP8003_5,P8003,win,44,219,24,4,628
MP8003_6,P8003,win,19,160,36,4,807
MP8003_7,P8003,loss,9,215,29,4,643
MP8003_8,P8003,win,38,166,35,4,687
MP8003_9,P8003,loss,17,167,38,4,992
MP8003_10,P8003,win,40,162,28,4,685
MP8003_11,P8003,win,37,231,38,4,635
